{"gradients/fc3.bias":{"values":[1,0,0,0,0,0,0,0,0,0,0,0,0,0,0,0,0,0,0,0,0,0,0,0,0,0,1,0,0,0,1,0,0,1,0,0,0,1,0,0,1,1,0,0,0,0,0,0,0,0,0,0,0,2,0,0,0,0,0,0,0,0,0,1],"bins":[-0.00751480832695961,-0.007318399380892515,-0.007121990900486708,-0.006925581954419613,-0.006729173474013805,-0.006532764527946711,-0.006336355581879616,-0.006139947101473808,-0.0059435381554067135,-0.005747129675000906,-0.005550720728933811,-0.005354311782866716,-0.005157903302460909,-0.004961494356393814,-0.004765085875988007,-0.004568676929920912,-0.004372267983853817,-0.0041758595034480095,-0.003979450557380915,-0.0037830418441444635,-0.0035866331309080124,-0.0033902244176715612,-0.00319381570443511,-0.002997406991198659,-0.002800998277962208,-0.002604589331895113,-0.002408180618658662,-0.0022117719054222107,-0.0020153631921857595,-0.0018189543625339866,-0.0016225456492975354,-0.0014261368196457624,-0.0012297281064093113,-0.0010333193931728601,-0.0008369105635210872,-0.000640501850284636,-0.00044409307884052396,-0.0002476843073964119,-5.127556505613029e-05,0.00014513319183606654,0.0003415419487282634,0.0005379507201723754,0.0007343594916164875,0.0009307682048529387,0.0011271769180893898,0.0013235857477411628,0.001519994460977614,0.001716403290629387,0.001912812003865838,0.002109220717102289,0.0023056294303387403,0.002502038376405835,0.0026984470896422863,0.0028948558028787374,0.0030912645161151886,0.0032876732293516397,0.003484081942588091,0.0036804908886551857,0.003876899601891637,0.004073308315128088,0.004269717261195183,0.00446612574160099,0.004662534687668085,0.004858943168073893,0.005055352114140987],"_type":"histogram"},"gradients/fc1.bias":{"_type":"histogram","values":[1,0,0,0,0,0,0,0,1,1,0,1,0,1,0,0,2,0,2,0,1,1,0,3,2,1,1,2,7,2,7,4,7,7,6,5,2,4,3,2,2,1,2,1,4,2,2,1,1,1,0,2,0,2,0,2,0,0,0,0,0,0,0,1],"bins":[-0.016312647610902786,-0.01582934334874153,-0.015346039086580276,-0.014862734824419022,-0.014379430562257767,-0.013896126300096512,-0.013412822037935257,-0.012929517775774002,-0.012446213513612747,-0.011962908320128918,-0.011479604057967663,-0.010996299795806408,-0.010512995533645153,-0.010029691271483898,-0.009546387009322643,-0.009063082747161388,-0.008579778485000134,-0.008096474222838879,-0.007613169960677624,-0.007129865698516369,-0.006646561436355114,-0.006163256708532572,-0.005679952446371317,-0.005196648184210062,-0.004713343922048807,-0.004230039659887552,-0.0037467353977262974,-0.003263430902734399,-0.002780126640573144,-0.002296822378411889,-0.0018135179998353124,-0.0013302136212587357,-0.0008469084277749062,-0.00036360410740599036,0.00011970021296292543,0.0006030045333318412,0.001086308853700757,0.001569613115862012,0.0020529176108539104,0.0025362218730151653,0.00301952613517642,0.003502830397337675,0.00398613465949893,0.004469438921660185,0.004952743649482727,0.005436047911643982,0.005919352173805237,0.006402656435966492,0.006885960698127747,0.0073692649602890015,0.007852569222450256,0.008335873484611511,0.008819177746772766,0.009302482008934021,0.009785786271095276,0.01026909053325653,0.010752394795417786,0.011235699988901615,0.01171900425106287,0.012202308513224125,0.01268561277538538,0.013168917037546635,0.01365222129970789,0.014135525561869144,0.0146188298240304]},"parameters/fc2.bias":{"_type":"histogram","values":[1,0,1,1,0,1,1,1,1,1,1,1,0,1,2,4,2,1,5,6,1,0,1,0,1,4,2,7,2,1,4,2,5,1,6,1,1,2,0,2,1,3,3,0,3,1,3,3,2,0,0,1,1,0,0,1,2,0,0,0,0,1,0,1],"bins":[-0.11832914501428604,-0.11261968314647675,-0.10691022872924805,-0.10120076686143875,-0.09549130499362946,-0.08978184312582016,-0.08407238125801086,-0.07836292684078217,-0.07265346497297287,-0.06694400310516357,-0.06123454496264458,-0.05552508682012558,-0.049815624952316284,-0.04410616308450699,-0.03839670494198799,-0.032687246799468994,-0.0269777849316597,-0.021268324926495552,-0.015558864921331406,-0.00984940491616726,-0.004139944911003113,0.0015695150941610336,0.00727897509932518,0.012988435104489326,0.018697895109653473,0.02440735511481762,0.030116815119981766,0.03582627326250076,0.04153573513031006,0.047245196998119354,0.05295465514063835,0.05866411328315735,0.06437358260154724,0.07008304446935654,0.07579250633716583,0.08150196075439453,0.08721142262220383,0.09292088449001312,0.09863033890724182,0.10433980077505112,0.11004926264286041,0.11575872451066971,0.121468186378479,0.1271776407957077,0.1328870952129364,0.1385965645313263,0.144306018948555,0.15001548826694489,0.15572494268417358,0.16143439710140228,0.16714386641979218,0.17285332083702087,0.17856279015541077,0.18427224457263947,0.18998169898986816,0.19569116830825806,0.20140062272548676,0.20711007714271545,0.21281954646110535,0.21852900087833405,0.22423845529556274,0.22994792461395264,0.23565737903118134,0.24136684834957123,0.24707630276679993]},"parameters/fc1.bias":{"values":[1,0,0,0,0,0,0,0,0,0,0,0,0,0,1,1,1,1,2,3,4,2,1,0,1,3,0,8,3,5,0,3,2,5,5,5,4,5,2,3,2,3,3,1,3,2,1,2,0,1,2,2,0,1,1,1,0,0,0,0,1,1,1,1],"bins":[-0.17814509570598602,-0.1718236804008484,-0.16550225019454956,-0.15918083488941193,-0.1528594195842743,-0.14653798937797546,-0.14021657407283783,-0.133895143866539,-0.12757372856140137,-0.12125230580568314,-0.1149308830499649,-0.10860946774482727,-0.10228804498910904,-0.09596662223339081,-0.08964520692825317,-0.08332378417253494,-0.07700236141681671,-0.07068093866109848,-0.06435951590538025,-0.058038100600242615,-0.051716677844524384,-0.04539525508880615,-0.03907383605837822,-0.03275241702795029,-0.026430994272232056,-0.020109573379158974,-0.013788152486085892,-0.00746673159301281,-0.0011453106999397278,0.005176110193133354,0.011497531086206436,0.017818951979279518,0.0241403728723526,0.030461793765425682,0.036783214658498764,0.0431046336889267,0.04942605644464493,0.05574747920036316,0.06206889823079109,0.06839031726121902,0.07471174001693726,0.08103316277265549,0.08735458552837372,0.09367600083351135,0.09999742358922958,0.10631884634494781,0.11264026165008545,0.11896168440580368,0.1252831071615219,0.13160452246665955,0.13792595267295837,0.144247367978096,0.15056878328323364,0.15689021348953247,0.1632116287946701,0.16953305900096893,0.17585447430610657,0.1821758896112442,0.18849731981754303,0.19481873512268066,0.2011401653289795,0.20746158063411713,0.21378299593925476,0.2201044261455536,0.22642584145069122],"_type":"histogram"},"gradients/fc3.weight":{"values":[1,1,0,0,0,0,0,1,2,1,0,1,3,0,1,2,1,1,3,1,3,3,1,0,3,4,2,3,5,2,5,9,16,20,20,29,25,40,55,75,313,84,45,33,29,26,25,25,28,12,7,2,9,3,4,8,1,3,0,0,1,2,0,1],"bins":[-0.04684409126639366,-0.045678310096263885,-0.04451252892613411,-0.043346747756004333,-0.04218096286058426,-0.04101518169045448,-0.03984940052032471,-0.03868361935019493,-0.037517838180065155,-0.03635205700993538,-0.0351862758398056,-0.03402049466967583,-0.03285471349954605,-0.03168892860412598,-0.0305231474339962,-0.029357366263866425,-0.02819158509373665,-0.027025803923606873,-0.025860022753477097,-0.02469423972070217,-0.023528458550572395,-0.02236267738044262,-0.021196894347667694,-0.020031113177537918,-0.018865332007408142,-0.017699550837278366,-0.01653376966714859,-0.015367986634373665,-0.014202205464243889,-0.013036424294114113,-0.011870642192661762,-0.010704860091209412,-0.009539082646369934,-0.008373301476240158,-0.0072075193747878075,-0.006041737738996744,-0.004875956103205681,-0.0037101744674146175,-0.0025443928316235542,-0.001378611195832491,-0.0002128295600414276,0.0009529520757496357,0.002118733711540699,0.0032845153473317623,0.004450296983122826,0.005616078618913889,0.006781860254704952,0.007947642356157303,0.009113423526287079,0.010279204696416855,0.011444986797869205,0.012610768899321556,0.013776550069451332,0.014942331239581108,0.016108114272356033,0.01727389544248581,0.018439676612615585,0.01960545778274536,0.020771238952875137,0.021937021985650063,0.02310280315577984,0.024268584325909615,0.02543436735868454,0.026600148528814316,0.027765929698944092],"_type":"histogram"},"_wandb":{"runtime":180},"gradients/fc1.weight":{"_type":"histogram",