{"task_7_accuracy":0.5711,"_wandb":{"runtime":1405},"_timestamp":1.7587562699405332e+09,"parameters/fc1.weight":{"bins":[-1.2256088256835938,-1.1905112266540527,-1.1554136276245117,-1.1203160285949707,-1.0852183103561401,-1.0501207113265991,-1.015023112297058,-0.9799255132675171,-0.9448279142379761,-0.9097302556037903,-0.8746326565742493,-0.8395350575447083,-0.8044373989105225,-0.7693397998809814,-0.7342422008514404,-0.6991445422172546,-0.6640469431877136,-0.6289493441581726,-0.5938516855239868,-0.5587540864944458,-0.5236564874649048,-0.4885588586330414,-0.453461229801178,-0.41836363077163696,-0.38326600193977356,-0.34816837310791016,-0.31307077407836914,-0.27797314524650574,-0.24287553131580353,-0.20777791738510132,-0.17268028855323792,-0.1375826746225357,-0.1024850606918335,-0.06738744676113129,-0.03228982537984848,0.0028077922761440277,0.037905409932136536,0.07300302386283875,0.10810064524412155,0.14319826662540436,0.17829588055610657,0.21339349448680878,0.248491108417511,0.2835887372493744,0.3186863660812378,0.3537839651107788,0.3888815939426422,0.4239791929721832,0.45907682180404663,0.49417445063591003,0.5292720794677734,0.5643696784973145,0.5994672775268555,0.6345649361610413,0.6696625351905823,0.7047601342201233,0.7398577928543091,0.7749553918838501,0.8100529909133911,0.8451505899429321,0.8802482485771179,0.9153458476066589,0.9504434466362,0.9855411052703857,1.0206387042999268],"_type":"histogram","values":[3,1,1,2,3,6,5,7,17,13,22,39,47,70,106,119,163,229,319,379,519,719,876,1075,1493,1671,2029,2495,2942,3482,3968,4354,4973,5309,5686,5336,4831,4304,3965,3423,2968,2470,1934,1598,1288,839,719,519,331,249,166,115,74,56,21,17,14,6,4,4,2,1,3,1]},"_runtime":1405.09034595,"gradients/fc1.bias":{"bins":[-1.075892686843872,-1.0452382564544678,-1.014583706855774,-0.9839292168617249,-0.9532747268676758,-0.9226202368736267,-0.8919658064842224,-0.8613113164901733,-0.8306568264961243,-0.8000023365020752,-0.7693478465080261,-0.738693356513977,-0.708038866519928,-0.6773843765258789,-0.6467298865318298,-0.6160753965377808,-0.5854209661483765,-0.5547664761543274,-0.5241119861602783,-0.49345749616622925,-0.4628030061721802,-0.4321485161781311,-0.40149402618408203,-0.37083953619003296,-0.3401850461959839,-0.3095305860042572,-0.27887609601020813,-0.24822160601615906,-0.21756711602210999,-0.1869126409292221,-0.15625815093517303,-0.12560367584228516,-0.09494918584823608,-0.06429470330476761,-0.033640217036008835,-0.0029857326298952103,0.027668751776218414,0.05832323431968689,0.08897772431373596,0.11963220685720444,0.1502866894006729,0.18094117939472198,0.21159565448760986,0.24225014448165894,0.272904634475708,0.3035591244697571,0.33421358466148376,0.36486807465553284,0.3955225646495819,0.426177054643631,0.45683154463768005,0.48748600482940674,0.5181404948234558,0.5487949848175049,0.579449474811554,0.610103964805603,0.6407584547996521,0.6714129447937012,0.7020674347877502,0.7327218651771545,0.7633763551712036,0.7940308451652527,0.8246853351593018,0.8553398251533508,0.8859943151473999],"_type":"histogram","values":[1,0,1,0,0,0,1,0,0,0,0,0,1,0,0,0,1,0,0,0,0,2,0,1,0,1,0,2,0,0,2,2,3,3,11,46,2,0,2,4,0,3,1,1,1,0,0,0,0,1,1,0,0,1,0,1,2,0,0,1,0,0,0,1]},"task_8_accuracy":0.842,"parameters/fc2.bias":{"bins":[-0.6420198082923889,-0.616628885269165,-0.5912380218505859,-0.5658470988273621,-0.5404561758041382,-0.5150653123855591,-0.4896743893623352,-0.46428346633911133,-0.43889257311820984,-0.41350167989730835,-0.3881107568740845,-0.362719863653183,-0.3373289704322815,-0.3119380474090576,-0.28654715418815613,-0.26115623116493225,-0.23576533794403076,-0.21037442982196808,-0.1849835216999054,-0.1595926284790039,-0.13420172035694122,-0.10881081223487854,-0.08341991156339645,-0.05802900716662407,-0.032638102769851685,-0.0072471983730793,0.018143706023693085,0.04353461042046547,0.06892551481723785,0.09431642293930054,0.11970732361078262,0.1450982242822647,0.17048907279968262,0.1958799809217453,0.22127088904380798,0.24666178226470947,0.27205270528793335,0.29744359850883484,0.32283449172973633,0.3482254147529602,0.3736163079738617,0.3990072011947632,0.42439812421798706,0.44978901743888855,0.47517991065979004,0.5005708336830139,0.5259617567062378,0.5513526201248169,0.5767435431480408,0.6021344661712646,0.6275253295898438,0.6529162526130676,0.6783071756362915,0.7036980390548706,0.7290889620780945,0.7544798851013184,0.7798707485198975,0.8052616715431213,0.8306525945663452,0.8560435175895691,0.8814343810081482,0.9068253040313721,0.932216227054596,0.957607090473175,0.9829980134963989],"_type":"histogram","values":[1,0,0,1,0,1,0,1,1,0,3,1,3,4,1,2,3,2,5,2,3,6,8,4,1,5,5,1,3,3,0,0,4,4,2,4,2,2,2,0,0,2,2,1,1,0,1,0,0,0,0,0,0,0,0,1,0,0,0,0,0,0,1,1]},"parameters/fc3.bias":{"bins":[-0.6199178695678711,-0.5944819450378418,-0.5690460205078125,-0.5436100959777832,-0.5181741118431091,-0.49273818731307983,-0.46730226278305054,-0.44186633825302124,-0.41643041372299194,-0.39099445939064026,-0.36555853486061096,-0.34012261033058167,-0.31468665599823,-0.2892507314682007,-0.2638148069381714,-0.2383788675069809,-0.2129429280757904,-0.18750698864459991,-0.16207106411457062,-0.13663512468338013,-0.11119919270277023,-0.08576326072216034,-0.06032732501626015,-0.034891389310359955,-0.009455457329750061,0.015980476513504982,0.041416410356760025,0.06685234606266022,0.09228827804327011,0.11772421002388,0.1431601494550705,0.1685960739850998,0.19403201341629028,0.21946795284748077,0.24490387737751007,0.27033981680870056,0.29577574133872986,0.32121169567108154,0.34664762020111084,0.37208354473114014,0.39751946926116943,0.4229554235935211,0.4483913481235504,0.4738272726535797,0.4992632269859314,0.5246991515159607,0.55013507604599,0.5755710005760193,0.6010069847106934,0.6264429092407227,0.651878833770752,0.6773147583007812,0.7027506828308105,0.7281866073608398,0.7536225318908691,0.7790585160255432,0.8044944405555725,0.8299303650856018,0.8553662896156311,0.8808022141456604,0.9062381386756897,0.9316741228103638,0.9571100473403931,0.9825459718704224,1.0079818964004517],"_type":"histogram","values":[1,1,0,0,0,0,0,0,0,1,0,1,0,0,0,0,0,0,0,0,0,1,0,0,0,1,0,0,1,0,0,0,0,0,0,2,0,0,0,0,0,0,0,0,0,0,0,0,0,0,0,0,0,0,0,0,0,0,0,0,0,0,0,1]},"task_3_accuracy":0.2059,"task_2_accuracy":0.1602,"gradients/fc2.bias":{"values":[1,0,0,1,0,0,1,0,0,0,1,0,1,0,1,0,0,0,1,1,2,1,2,0,2,1,4,1,5,9,40,4,0,3,1,1,1,1,2,0,1,1,1,1,1,2,0,0,0,1,0,0,1,1,0,0,0,0,0,1,0,0,0,1],"bins":[-0.6358069777488708,-0.6148050427436829,-0.5938031673431396,-0.5728012323379517,-0.5517993569374084,-0.5307974219322205,-0.5097955465316772,-0.48879364132881165,-0.46779173612594604,-0.44678980112075806,-0.42578789591789246,-0.40478599071502686,-0.38378408551216125,-0.36278218030929565,-0.34178027510643005,-0.32077836990356445,-0.29977646470069885,-0.27877455949783325,-0.25777265429496765,-0.23677074909210205,-0.21576884388923645,-0.19476692378520966,-0.17376501858234406,-0.15276311337947845,-0.13176120817661285,-0.11075930297374725,-0.08975739777088165,-0.06875548511743546,-0.047753579914569855,-0.026751672849059105,-0.005749765783548355,0.015252141281962395,0.036254048347473145,0.057255953550338745,0.07825785875320435,0.09925977140665054,0.12026167660951614,0.14126358926296234,0.16226549446582794,0.18326739966869354,0.20426930487155914,0.22527121007442474,0.24627311527729034,0.26727503538131714,0.28827694058418274,0.30927884578704834,0.33028075098991394,0.35128265619277954,0.37228456139564514,0.39328646659851074,0.41428837180137634,0.43529027700424194,0.45629218220710754,0.47729408740997314,0.49829599261283875,0.5192978978157043,0.5402998328208923,0.5613017082214355,0.5823036432266235,0.6033055186271667,0.6243074536323547,0.645309329032898,0.6663112640380859,0.6873131394386292,0.7083150744438171],"_type":"histogram"},"parameters/fc3.weight":{"values":[1,2,2,1,0,0,1,3,4,9,8,9,12,11,16,15,16,18,11,24,24,20,19,22,29,31,27,26,38,27,37,45,33,45,29,48,35,39,37,35,29,26,28,16,12,19,13,15,7,7,9,3,4,0,0,1,1,0,0,0,0,0,0,1],