{"_step":600000,"gradients/fc3.weight":{"bins":[-0.04291230067610741,-0.0415278859436512,-0.040143467485904694,-0.038759052753448486,-0.03737463802099228,-0.03599021956324577,-0.034605804830789566,-0.03322139009833336,-0.03183697164058685,-0.030452556908130646,-0.02906814031302929,-0.027683723717927933,-0.026299308985471725,-0.02491489239037037,-0.023530475795269012,-0.022146061062812805,-0.02076164446771145,-0.019377227872610092,-0.017992813140153885,-0.01660839654505253,-0.015223979949951172,-0.01383956428617239,-0.012455148622393608,-0.011070732027292252,-0.00968631636351347,-0.008301900699734688,-0.006917484104633331,-0.005533068440854549,-0.00414865231141448,-0.002764236181974411,-0.0013798202853649855,4.595727659761906e-06,0.0013890117406845093,0.0027734278701245785,0.004157843999564648,0.0055422596633434296,0.006926675792783499,0.008311091922223568,0.00969550758600235,0.011079924181103706,0.012464339844882488,0.01384875550866127,0.015233172103762627,0.016617588698863983,0.01800200343132019,0.019386420026421547,0.020770836621522903,0.02215525135397911,0.023539667949080467,0.024924084544181824,0.02630849927663803,0.027692915871739388,0.029077332466840744,0.03046174719929695,0.03184616565704346,0.033230580389499664,0.03461499512195587,0.03599941357970238,0.037383828312158585,0.03876824304461479,0.0401526615023613,0.041537076234817505,0.04292149096727371,0.04430590942502022,0.045690324157476425],"_type":"histogram","values":[1,0,0,0,0,0,0,2,1,0,1,2,7,3,3,2,1,7,4,5,5,8,7,7,12,9,16,9,29,57,337,321,13,15,11,10,14,14,5,7,6,9,4,5,3,4,2,1,3,4,4,3,2,2,0,2,0,0,0,0,0,0,0,1]},"parameters/fc1.bias":{"values":[1,0,0,0,0,0,1,0,1,0,2,0,1,1,1,3,0,0,2,2,3,2,3,6,4,4,4,4,3,0,1,2,2,4,2,1,5,1,0,1,1,3,2,6,3,3,1,1,2,1,2,1,1,0,1,0,1,1,0,1,0,1,0,1],"bins":[-0.166227325797081,-0.1600736528635025,-0.15391996502876282,-0.14776629209518433,-0.14161261916160583,-0.13545894622802734,-0.12930525839328766,-0.12315158545970917,-0.11699791252613068,-0.11084423214197159,-0.1046905517578125,-0.09853687882423401,-0.09238319844007492,-0.08622952550649643,-0.08007584512233734,-0.07392217218875885,-0.06776849180459976,-0.06161481514573097,-0.05546113848686218,-0.04930746182799339,-0.0431537851691246,-0.037000104784965515,-0.030846428126096725,-0.024692751467227936,-0.018539074808359146,-0.012385398149490356,-0.006231720559298992,-7.804343476891518e-05,0.006075633689761162,0.012229310348629951,0.01838298887014389,0.02453666552901268,0.03069034218788147,0.03684401884675026,0.04299769550561905,0.04915137216448784,0.05530504882335663,0.06145872920751572,0.06761240214109421,0.0737660825252533,0.07991975545883179,0.08607343584299088,0.09222711622714996,0.09838078916072845,0.10453446954488754,0.11068814247846603,0.11684182286262512,0.12299549579620361,0.1291491687297821,0.1353028565645218,0.14145652949810028,0.14761020243167877,0.15376389026641846,0.15991756319999695,0.16607123613357544,0.17222490906715393,0.17837859690189362,0.1845322698354721,0.1906859427690506,0.19683963060379028,0.20299330353736877,0.20914697647094727,0.21530064940452576,0.22145433723926544,0.22760801017284393],"_type":"histogram"},"parameters/fc1.weight":{"values":[3,3,2,1,1,3,0,6,4,8,3,8,5,12,21,19,29,34,46,61,103,135,151,206,266,381,515,672,882,1139,1538,1897,2346,2875,3406,4273,7240,8207,8378,8039,5661,4170,3638,3032,2398,1822,1419,1009,747,510,355,239,181,114,67,52,21,21,8,5,7,3,1,2],"bins":[-0.6595059037208557,-0.6422792077064514,-0.6250525116920471,-0.6078258752822876,-0.5905991792678833,-0.573372483253479,-0.5561457872390747,-0.5389191508293152,-0.5216924548149109,-0.5044657588005066,-0.4872390627861023,-0.4700123965740204,-0.4527857005596161,-0.4355590343475342,-0.4183323383331299,-0.401105672121048,-0.3838789761066437,-0.3666522800922394,-0.34942561388015747,-0.3321989178657532,-0.31497225165367126,-0.29774555563926697,-0.28051888942718506,-0.26329219341278076,-0.24606551229953766,-0.22883883118629456,-0.21161215007305145,-0.19438546895980835,-0.17715877294540405,-0.15993209183216095,-0.14270541071891785,-0.12547872960567474,-0.10825204849243164,-0.09102536737918854,-0.07379868626594543,-0.056571997702121735,-0.03934531658887863,-0.02211863361299038,-0.004891950637102127,0.012334732338786125,0.029561415314674377,0.04678809642791748,0.06401477754116058,0.08124146610498428,0.09846814721822739,0.11569482833147049,0.1329215168952942,0.1501481980085373,0.1673748791217804,0.1846015602350235,0.2018282413482666,0.2190549224615097,0.2362816035747528,0.2535082995891571,0.270734965801239,0.2879616618156433,0.3051883578300476,0.3224150240421295,0.3396417200565338,0.3568683862686157,0.37409508228302,0.39132174849510193,0.4085484445095062,0.42577511072158813,0.44300180673599243],"_type":"histogram"},"_timestamp":1.758641670518324e+09,"gradients/fc3.bias":{"values":[1,0,0,0,0,0,0,0,0,0,0,0,0,0,0,0,0,0,0,0,0,1,0,0,0,1,0,1,0,0,2,1,1,0,0,0,0,0,0,0,1,0,0,0,0,0,0,0,0,0,0,0,0,0,0,0,0,0,0,0,0,0,0,1],"bins":[-0.00737423449754715,-0.007131485268473625,-0.006888736505061388,-0.0066459872759878635,-0.006403238046914339,-0.006160488817840815,-0.005917740054428577,-0.005674990825355053,-0.0054322415962815285,-0.005189492832869291,-0.004946743603795767,-0.004703994374722242,-0.004461245145648718,-0.004218496382236481,-0.003975747153162956,-0.0037329979240894318,-0.003490248927846551,-0.00324749993160367,-0.0030047507025301456,-0.002762001706287265,-0.0025192524772137403,-0.0022765034809708595,-0.002033754251897335,-0.0017910052556544542,-0.0015482561429962516,-0.001305507030338049,-0.0010627579176798463,-0.0008200088632293046,-0.0005772597505711019,-0.00033451063791289926,-9.176155435852706e-05,0.00015098754374776036,0.0003937366418540478,0.0006364857545122504,0.0008792348671704531,0.0011219839798286557,0.0013647330924868584,0.0016074820887297392,0.0018502312013879418,0.0020929803140461445,0.002335729543119669,0.0025784785393625498,0.0028212275356054306,0.003063976764678955,0.003306725760921836,0.0035494749899953604,0.003792223986238241,0.004034973215311766,0.004277721978724003,0.004520471207797527,0.004763220436871052,0.005005969665944576,0.005248718429356813,0.005491467658430338,0.005734216887503862,0.005976966116577387,0.006219714879989624,0.0064624641090631485,0.006705213338136673,0.00694796210154891,0.007190711330622435,0.007433460559695959,0.0076762097887694836,0.00791895855218172,0.008161707781255245],"_type":"histogram"},"accuracy":0.979,"gradients/fc1.bias":{"bins":[-0.007548184134066105,-0.007264323066920042,-0.006980461999773979,-0.006696600932627916,-0.0064127398654818535,-0.006128878332674503,-0.0058450172655284405,-0.005561156198382378,-0.005277295131236315,-0.004993434064090252,-0.004709572996944189,-0.004425711929798126,-0.004141850396990776,-0.003857989562675357,-0.0035741282626986504,-0.0032902671955525875,-0.0030064061284065247,-0.002722545061260462,-0.002438683994114399,-0.0021548226941376925,-0.0018709616269916296,-0.0015871005598455667,-0.001303239376284182,-0.0010193781927227974,-0.0007355171255767345,-0.0004516560002230108,-0.00016779487486928701,0.00011606625048443675,0.0003999273758381605,0.0006837885011918843,0.000967649626545608,0.0012515108101069927,0.001535370945930481,0.0018192320130765438,0.0021030930802226067,0.002386954380199313,0.002670815447345376,0.002954676514491439,0.0032385378144681454,0.0035223988816142082,0.003806259948760271,0.004090121015906334,0.004373982083052397,0.00465784315019846,0.00494170468300581,0.005225565750151873,0.0055094268172979355,0.005793287884443998,0.006077148951590061,0.006361010018736124,0.006644871085882187,0.00692873215302825,0.007212593220174313,0.007496454752981663,0.007780315820127726,0.008064176887273788,0.008348038420081139,0.008631899021565914,0.008915760554373264,0.00919962115585804,0.00948348268866539,0.009767343290150166,0.010051204822957516,0.010335065424442291,0.010618926957249641],"_type":"histogram","values":[2,1,0,1,1,0,2,1,0,3,0,0,2,2,0,1,2,0,2,5,3,1,1,7,4,1,14,4,3,6,3,3,1,2,2,2,1,1,1,1,1,0,0,0,0,1,0,1,0,0,2,1,2,0,1,0,1,0,2,0,0,1,0,1]},